<?xml version="1.0"?>
<!DOCTYPE hibernate-mapping PUBLIC "-//Hibernate/Hibernate Mapping DTD 3.0//EN"
"http://hibernate.sourceforge.net/hibernate-mapping-3.0.dtd">
<!-- Generated Mar 26, 2019 12:51:58 PM by Hibernate Tools 3.5.0.Final -->
<hibernate-mapping>
    <class name="com.niit.hiberannotations.Course" table="COURSE">
        <id name="courseId" type="int">
            <column name="COURSEID" />
            <generator class="assigned" />
        </id>
        <property name="courseName" type="java.lang.String">
            <column name="COURSENAME" />
        </property>
        <property name="duration" type="int">
            <column name="DURATION" />
        </property>
        <set name="Students" table="STUDENT_COURSES" cascade="all" inverse="false" lazy="true">
            <key>
                <column name="course_id" />
            </key>
			<many-to-many class="com.niit.hiberannotations.Student" column="student_id "/>
        </set>
    </class>
</hibernate-mapping>