<?xml version="1.0" encoding="UTF-8"?>
<!DOCTYPE hibernate-configuration PUBLIC  
          "-//Hibernate/Hibernate Configuration DTD 3.0//EN"  
          "http://hibernate.sourceforge.net/hibernate-configuration-3.0.dtd">  
  
<hibernate-configuration>  
  
<session-factory>  
 <property name="hbm2ddl.auto">create</property>  
 <property name="dialect">org.hibernate.dialect.MySQL5Dialect</property>  
 <property name="connection.url">jdbc:mysql://localhost:3307/mysqljdbc</property>  
 <property name="connection.username">root</property>  
 <property name="connection.password">gaurav1997TISHA</property>  
 <property name="connection.driver_class">com.mysql.cj.jdbc.Driver</property>  
      
 <!-- <mapping resource="Question.hbm.xml"/>   -->
 	<!-- <mapping class="com.niit.hiberannotations.Question"/>
 	<mapping class="com.niit.hiberannotations.Answer"/> -->
<!--  	<mapping class="com.niit.hiberannotations.Employee"/>
 	<mapping class="com.niit.hiberannotations.Address"/> -->
 	<mapping resource="Student.hbm.xml"/>
 	<mapping resource="Course.hbm.xml"/>
 
 </session-factory>  
  
</hibernate-configuration>  