<?xml version="1.0"?>
<!DOCTYPE hibernate-mapping PUBLIC "-//Hibernate/Hibernate Mapping DTD 3.0//EN"
"http://hibernate.sourceforge.net/hibernate-mapping-3.0.dtd">
<!-- Generated Mar 26, 2019 12:40:27 PM by Hibernate Tools 3.5.0.Final -->
<hibernate-mapping>
    <class name="com.niit.hiberannotations.Student" table="STUDENT1">
        <id name="studentId" type="int">
            <column name="STUDENTID" />
            <generator class="assigned" />
        </id>
        <property name="studentName" type="java.lang.String">
            <column name="STUDENTNAME" />
        </property>
        <property name="marks" type="int">
            <column name="MARKS" />
        </property>
        <set name="courses" cascade="all" table="STUDENT_COURSES" inverse="false" lazy="true">
            <key>
                <column name="student_id" />
            </key>
		<many-to-many class="com.niit.hiberannotations.Course" column="course_id" />
            <!-- <element type="string">
                <column name="COURSES" />
            </element> -->
            
        </set>
    </class>
</hibernate-mapping>
